Page,Citation,context,Entry,wikidata id,notes,Annotator,token,paragraph,old paragraph,start,end,Hollis Permalink,Worldcat
1,"

  Goncourt, Edmond de (1822-1896) , and Jules de (1830-1870) Goncourt. Journal Des Goncourt : Mémoires de La Vie Littéraire.... 5e Vol., 1851. https://gallica.bnf.fr/ark:/12148/bpt6k2026706.",Journal de J. Goncourt,Goncourt Journal by the Goncourt brothers,Q19176092,,IT,7,15,41,,,,
11,"Goethe, J. W. von, & Taylor, B. (1880). Faust; a tragedy. Houghton, Mifflin and Co.",Read Faust all the way.,Faust by Goethe,Q29478,,IT,Faust,207,,From,way.,https://id.lib.harvard.edu/alma/990032497590203941/catalog,
12,"Goethe, J. W. von, & Taylor, B. (1880). Faust; a tragedy. Houghton, Mifflin and Co.",I read Faust all the way.,Faust by Goethe,Q29478,,IT,Faust,218,,We,way.,https://id.lib.harvard.edu/alma/990032497590203941/catalog,
14,"Goethe, J. W. von, & Taylor, B. (1880). Faust; a tragedy. Houghton, Mifflin and Co.","Then came back, and while I read Faust, B. wrote a few pages about the Augustan marbles, which I criticised savagely before going to dinner.",Faust by Goethe,Q29478,,IT,Faust,246,"Then came back, and while I read Faust, B. wrote a few pages about the Augustan marbles, which I criticised savagely before going to dinner.",Then,dinner.,https://id.lib.harvard.edu/alma/990032497590203941/catalog,
16,"Prescott, W. H. (1841). History of the reign of Ferdinand and Isabella, the Catholic, of Spain. G. Routledge & Sons, Ltd.",I read Prescott’s Ferdinand and Isabella and wrote to Evalyne.,Ferdinand and Isabella by Prescott,Q42191112,,IT,Ferdinand and Isabella,284,I read Prescott’s Ferdinand and Isabella and wrote to Evalyne.,I,Evalyne.,https://id.lib.harvard.edu/alma/990034881100203941/catalog,
16,"Green, A. S. (1889). Henry the Second. Macmillan and co.",I read Mrs. Green’s Henry II.,Henry II by Green,,,IT,Henry II,278,I read Mrs. Green's henry II.,I,II.,https://id.lib.harvard.edu/alma/990109266610203941/catalog,https://www.worldcat.org/title/917209000
19,,"We read Villiers de l’Isle Adam, Nouveaux Contes Cruels","Villiers de l’Isle Adam, Nouveaux Contes Cruels",Q21015232,,EW,,,"We read Villiers de l’Isle Adam, Nouveaux Contes Cruels
 and La Révolte, also a Russian Priest by Potapenko.",We,Potapenko.,https://hollis.harvard.edu/primo-explore/fulldisplay?docid=TN_cdi_bnf_primary_oai_bnf_fr_gallica_ark_12148_bpt6k851969c&vid=HVD2&search_scope=everything&tab=everything&lang=en_US&context=PC,
22,,Read Contes Cruels and Symonds and Howells on Venice. ,Symonds on Venice,Q538549,wikidata id for Symonds,EW,,,"Read Contes Cruels and Symonds and Howells on Venice. They are almost worse than nothing. One gets very tired of Howells’ American drollery and “stuffing”, for his book has no real matter. Symonds [133b] is not drool, but he is sentimental, which is worse.",Read,worse.,https://hollis.harvard.edu/primo-explore/fulldisplay?docid=TN_cdi_proquest_miscellaneous_90401158&vid=HVD2&search_scope=everything&tab=everything&lang=en_US&context=PC,
24,"Brown, H. F. (1887). Venetian studies. K. Paul, Trench & co.",Read Venetian Studies by Horatio Brown,Venetain Studies by Brown,,,IT,Venetian Studies,436,Read Venetian Studies by Horatio Brown.,Read,Brown.,https://id.lib.harvard.edu/alma/990028125970203941/catalog,https://worldcat.org/en/title/6408179
25,"Barbey d'Aurevilly, J. (1874). Les diaboliques : illustrations d'aprés les aquarelles de M. Maradon.",I read Barbey d’Aurevilly’s Les Diaboliques.,Les Diaboliques by d'Aurevilly,Q3232089,,IT,Les Diaboliques,471,I read Barbey d’Aurevilly’s Les Diaboliques.,I,Diaboliques.,http://id.lib.harvard.edu/alma/990109189730203941/catalog,
25,"Brown, H. F. (1887). Venetian studies. K. Paul, Trench & co.",Came home and read Venetian Studies.,Venetain Studies by Brown,,,IT,Venetian Studies,452,Came home and read Venetian Studies.,Came,Studies.,https://id.lib.harvard.edu/alma/990028125970203941/catalog,https://worldcat.org/en/title/6408179
29,"Flaubert, G. (1882). Trois Contes. Lemerre.",We read Villiers de l’Isle Adam’s Nouveau Monde and Flaubert’s Trois Contes.,,,,IT,Nouveau Monde,524,We read Villiers de l’Isle Adam’s Nouveau Monde and Flaubert’s Trois Contes.,We,Contes.,https://id.lib.harvard.edu/alma/990029662680203941/catalog,https://worldcat.org/en/title/2537887
30,"Shakespeare, W., & Furness, H. H. (1873). Macbeth. Lippincott.",Read Macbeth.,Macbeth by Shakespeare.,Q130283,,IT,Macbeth,558,Read Macbeth.,Read,Macbeth.,https://id.lib.harvard.edu/alma/990016133910203941/catalog,
31,"Goncourt, E. de. (1878). La femme au dix-huitiéme siécle (Nouv. éd., rev. et augm.). G. Charpentier.",Began (both) La femme 〈au〉 [de] XVIII siècle (Goncourt).,La femme au dix-huitième siècle by Goncourt,,,IT,La femme,601,Began (both) La femme 〈au〉 [de] XVIII siècle (Goncourt).,Began,(Goncourt).,https://id.lib.harvard.edu/alma/990109334650203941/catalog,https://worldcat.org/en/title/27360636
36,,We read Ruskin’s ,Ruskin’s Ariadne Fiorentina,Q179126,wikidata id for Ruskin,EW,Ariadne Fiorentina,670,"In the evening we read Ruskin’s Ariadne Fiorentina, a book about engravings of Botticelli’s, chiefly done by tenth rate imitators of the people Ruskin detests most on earth – the Polaignoli!! [sic] He speaks of the Primavera and the Venus as tondos! and mixes up Mantegna and Castagno!",In,Castagno!,"https://hollis.harvard.edu/primo-explore/search?query=lsr01,contains,990035588220203941&tab=everything&search_scope=everything&vid=HVD2&lang=en_US&mode=basic&offset=0",
36,"Burckhardt, J., & Holtzinger, H. (1891). Geschichte der renaissance in Italie (3. Aufl. Unter Mitwirkung des Verfassers bearbeitet von Heinrich Holtzinger.). Ebner & Seubert.","Began Burckhardt, La Civilisation en Italie au temps de la Renaissance.",La Civilisation en Italie au temps de la Renaissance by Burckhardt,Q1839282,,IT,La Civilisation en Italie au temps de la Renaissance,660,"Began Burckhardt, La Civilisation en Italie au temps de la Renaissance.",Began,Renaissance.,https://id.lib.harvard.edu/alma/990109482810203941/catalog,
38,,We read Candide today,Candide,Q215894,,EW,Candide,712,We read Candide today,We,today,"https://hollis.harvard.edu/primo-explore/search?query=lsr01,contains,990109349250203941&tab=everything&search_scope=everything&vid=HVD2&lang=en_US&mode=basic&offset=0",
43,"Yriarte, C. (1889). Les Borgia. César Borgia, sa vie, sa captivité, sa mort, d'après de nouveaux documents des dépots des Romagnes, de Simancas et des Navarres. J. Rothschild.","He did not come to dinner, and I read Vol. I of Yriarte’s César Borgia.",César Borgia by Yriarte,Q1066528,,IT,César Borgia,,"He did not come to dinner, and I read Vol. I of Yriarte’s César Borgia.",He,Borgia.,https://id.lib.harvard.edu/alma/990045838770203941/catalog,
45,"Yriarte, C. (1889). Les Borgia. César Borgia, sa vie, sa captivité, sa mort, d'après de nouveaux documents des dépots des Romagnes, de Simancas et des Navarres. J. Rothschild.",Read the second volume of César Borgia by Yriarte,César Borgia by Yriarte,Q1066528,wikidata id for Yriarte,EW,César Borgia,,Read the second volume of César Borgia by Yriarte.,Read,Yriarte.,https://id.lib.harvard.edu/alma/990045838770203941/catalog,
45,"Perry, Thomas Sergeant. 1890. A History of Greek Literature. New York: H. Holt and company.","We are reading À Rebours by Huysman〈s〉, Greek Literature by Perry, and ever so many German books on Art.",A History of Greek Literature by Perry,,,IT,A History of Greek Literature,,"We are reading À Rebours by Huysman〈s〉, Greek Literature by Perry, and ever so many German books on Art.",We,Art.,https://id.lib.harvard.edu/alma/990015183280203941/catalog,https://worldcat.org/en/title/2943272
53,"A. Fayard. Baudelaire, C. (1885). Petits Poémes en prose les Paradis Artificiels. Calmann Lévy.","I read Agnes Grey, and Baudelaire’s Poèmes en Prose.",Poèmes en Prose by Baudelaire,Q108000062,,IT,,,"I read Agnes Grey, and Baudelaire’s Poèmes en Prose.",In,Prose.,http://id.lib.harvard.edu/alma/990109350830203941/catalog,
57,"Creighton, M. (1887). A history of the Papacy during the period of the Reformation. Longmans Green.",B. read Creighton’s History of the Papacy and I finished the first part of my Linden Stories. B. thought it good.,History of the Papacy by Creighton,,MB/BB,IT,,,"B. read Creighton’s History of the Papacy and I finished the first part of my Linden Stories. B. thought it good. After he went, I read some of Creighton too.",B.,good.,http://id.lib.harvard.edu/alma/990109401340203941/catalog,https://worldcat.org/en/title/315507455
61,"Hawthorne, Nathaniel. 1879. A Wonder-Book for Girls and Boys. Boston : Cambridge: Houghton, Osgood ; Riverside Press.",I am reading Hawthorne’s Wonder Book to Ray.,A wonder-book for girls and boys by Hawthorne,Q4660769,Read to Ray Strachey,IT,,,I am reading Hawthorne’s Wonder Book to Ray.,I,Ray.,https://id.lib.harvard.edu/alma/990030915500203941/catalog,
62,"Hawthorne, N. (1879). A wonder-book for girls and boys. Houghton, Osgood ; Riverside Press.",". I shall never forget the charm of these days, not only for the awakening of my intellect, delightful as it is to begin to think freely, but because Bernhard looked in such and such a way, and spoke in sweet, deep tones, and because Ray came every evening and laid her selfish little head against my knees, while I read the Wonder Book to her",A wonder-book for girls and boys by Hawthorne,Q4660769,,IT,,,"It is strange how little most “serious” people think about l’art de vivre. Truly it is a most difficult art. How rare are [0229] the successes. Yet when we grow old, we won’t look back upon our famous books, on the flattery we have had, but to our early loves, to our real enjoyments, perhaps after those in which the intellect has had little part. I shall never forget the charm of these days, not only for the awakening of my intellect, delightful as it is to begin to think freely, but because Bernhard looked in such and such a way, and spoke in sweet, deep tones, and because Ray came every evening and laid her selfish little head against my knees, while I read the Wonder Book to her. Ah! How happy, happy I am. Truly this is a marvellous year. There is only one cloud, and that is that in spite of our promises, we never seem to work upon our Hampton Court Guide. We planned to do so much this winter, and Bernhard has often promised he would have it ready for me to take back to London when I go, but I doubt it. Alas! it will make everything much, much harder for me. Still I could bear that well enough it I were really convinced that it is not worth spending time over, but I am not convinced of that.",It,that.,https://id.lib.harvard.edu/alma/990030915500203941/catalog,
62,A plain woman. (1888). My trivial life and misfortune. A gossip with no plot in particular (New edition.). Blackwood. ,"Were too tired in the evening to do much, so I read and finished My Trivial Life and Misfortune, and B. went on with Creighton",Trivial Life and Misfortune,,,EW,,,"In the afternoon we had a walk. Were too tired in the evening to do much, so I read and finished My Trivial Life and Misfortune,",In,Misfortune,"https://hollis.harvard.edu/primo-explore/search?query=lsr01,contains,990109195090203941&tab=everything&search_scope=everything&vid=HVD2&lang=en_US&mode=basic&offset=0",https://worldcat.org/en/title/13278387
78,"Hennequin, E. (1888). La critique scientifique. Perrin.",Bernhard read Hennequin’s Critique scientifique and found some of his own pet ideas foreshadowed there.,Critique scientifique by Hennquin,,,IT,,,Bernhard read Hennequin’s Critique scientifique and found some of his own pet ideas foreshadowed there.,Bernhard,there.,https://id.lib.harvard.edu/alma/990030964970203941/catalog,https://worldcat.org/en/title/5670894
92,"Laclos, Choderlos de. 1891. Les Liaisons Dangereuses. Paris: Dentu.",Read Liaisons Dangereuses, Liaisons Dangereuses,,no wikidata for 1891 ed. LOC?,EW,,,Then we came here. Read Liaisons Dangereuses.,Then,Dangereuses.,"https://hollis.harvard.edu/primo-explore/search?tab=everything&search_scope=everything&vid=HVD2&lang=en_US&mode=basic&offset=0&query=lsr01,contains,990109346330203941",https://worldcat.org/en/title/71393788
93,"Creighton, M. (1877). Life of Simon de Montfort, earl of Leicester (2d ed.). Rivingtons.",Finished Creighton’s Simon de Montfort.,"Life of Simon de Montfort, earl of Leicester by Creighton",,,IT,,,Finished Creighton’s Simon de Montfort.,Finished,Montfort.,https://id.lib.harvard.edu/alma/990043006940203941/catalog,https://worldcat.org/en/title/3399575
94,"Diderot, Denis. 1892. La religieuse. Paris: E. Dentu.",I read Diderot’s La Religieuse and Le Neveau de Rameau.,La Religieuse by Diderot,Q1209658,,IT,,,I read Diderot’s La Religieuse and Le Neveau de Rameau.,I,Rameau.,http://id.lib.harvard.edu/alma/990109197730203941/catalog,
94,"Creighton, M. (1887). A history of the Papacy during the period of the Reformation. Longmans Green.",B. read Creighton’s History of the Papacy and I finished the first part of my Linden Stories. B. thought it good.,History of the Papacy by Creighton,,,IT,,,"Bernhard is reading Germinie Lacerteux, and we are reading aloud, for the second time, Creighton’s History of the Papacy.",Bernhard,Papacy.,http://id.lib.harvard.edu/alma/990109401340203941/catalog,https://worldcat.org/en/title/315507455
95,"Jameson. 1874. Sacred and Legendary Art. 7th ed. London: Longmans, Green.","Read Mrs. Jameson, Sacred and Legendary Art.",Sacred and Legendary Art by Jameson,Q106331896,,IT,,,"Read Mrs. Jameson, Sacred and Legendary Art.",Read,Art.,https://id.lib.harvard.edu/alma/990109256890203941/catalog,
95,"Creighton, Louise. 1890. Life of Edward the Black Prince. New ed. London: Rivingtons.",In the evening we began Mrs. Creighton’s Black Prince.,Life of Edward the Black Prince by Creighton,,,IT,,,In the evening we began Mrs. Creighton’s Black Prince.,In,Prince.,https://id.lib.harvard.edu/alma/990109266600203941/catalog,https://www.worldcat.org/title/9769998?oclcNum=9769998
95,"Creighton, Louise. 1890. Life of Edward the Black Prince. New ed. London: Rivingtons.",Finished the Black Prince.,Life of Edward the Black Prince by Creighton,,,IT,,,Finished the Black Prince.,Finished,Prince.,https://id.lib.harvard.edu/alma/990109266600203941/catalog,https://www.worldcat.org/title/9769998?oclcNum=9769999
100,"Laclos, Choderlos de. 1891. Les Liaisons Dangereuses. Paris: Dentu.",B. Liaisons dangereuses., Liaisons Dangereuses,,no wikidata for 1891 ed. LOC?,EW,,,"I read Oliver Cromwell by F. W. Cornish,
 B. Liaisons dangereuses.",I,dangereuses.,"https://hollis.harvard.edu/primo-explore/search?tab=everything&search_scope=everything&vid=HVD2&lang=en_US&mode=basic&offset=0&query=lsr01,contains,990109346330203941",https://worldcat.org/en/title/71393788
101,"Laclos, Choderlos de. 1891. Les Liaisons Dangereuses. Paris: Dentu.",Finished Oliver Cromwell and Liaisons Dangereuses., Liaisons Dangereuses,,no wikidata for 1891 ed. LOC?,EW,,,Finished Oliver Cromwell and Liaisons Dangereuses.,Finished,dangereuses.,"https://hollis.harvard.edu/primo-explore/search?tab=everything&search_scope=everything&vid=HVD2&lang=en_US&mode=basic&offset=0&query=lsr01,contains,990109346330203942",https://worldcat.org/en/title/71393788
101,"Laclos, Choderlos de. 1891. Les Liaisons Dangereuses. Paris: Dentu.",Bernhard finished Liaisons dangereuses ,Liaisons dangereuses,,no wikidata for 1891 ed. LOC?,EW,,,In the evening we wrote and Bernhard finished Liaisons dangereuses and I read Mrs. Creighton’s Sir Walter Rale〈i〉gh.,In,Rale〈i〉gh.,"https://hollis.harvard.edu/primo-explore/search?tab=everything&search_scope=everything&vid=HVD2&lang=en_US&mode=basic&offset=0&query=lsr01,contains,990109346330203943",https://worldcat.org/en/title/71393788
102,"Creighton, M. (1887). A history of the Papacy during the period of the Reformation. Longmans Green.",Bernhard read Creighton’s Papacy.,History of the Papacy by Creighton,,,IT,,,Finished Sir Walter Raleigh. Bernhard read Creighton’s Papacy.,Finished,Papcy.,http://id.lib.harvard.edu/alma/990109401340203941/catalog,https://www.worldcat.org/title/315507455?oclcNum=315507455
102,"Creighton, Louise. 1889. Life of John Churchill : Duke of Malborough. New edition. London: Rinvingtons.",I read Mrs. Creighton’s Duke of Marlborough.,Duke of Marlborough by Creighton,,,IT,,,I read Mrs. Creighton’s Duke of Marlborough.,I,Marlborough.,http://id.lib.harvard.edu/alma/990109328180203941/catalog,https://www.worldcat.org/title/82933996?oclcNum=82933996
102,"Creighton, Louise. 1889. Life of John Churchill : Duke of Malborough. New edition. London: Rinvingtons.",Finished the Duke of Marlborough and read some of Diderot’s Contes. ,Duke of Marlborough by Creighton,,,IT,,,"Finished the Duke of Marlborough and read some of Diderot’s Contes. Bernhard read Jacques le fataliste, and the time-table!",Finished,time-table!,http://id.lib.harvard.edu/alma/990109328180203941/catalog,https://www.worldcat.org/title/82933996?oclcNum=82933997
102,"Diderot, Denis, Salomon Gessner, Fondo Cicognara, and Leopoldo Cicognara Program. 1773. Contes moraux et Nouvelles idylles. Zuric: Chez l'auteur.",Finished the Duke of Marlborough and read some of Diderot’s Contes. ,Contes moraux et Nouvelles idylles by Diderot,,,IT,,,"Finished the Duke of Marlborough and read some of Diderot’s Contes. Bernhard read Jacques le fataliste, and the time-table!",Finished,time-table!,http://id.lib.harvard.edu/alma/990126658860203941/catalog,https://www.worldcat.org/title/249467658?oclcNum=249467658
114,"Burckhardt, J., & Holtzinger, H. (1891). Geschichte der renaissance in Italie (3. Aufl. Unter Mitwirkung des Verfassers bearbeitet von Heinrich Holtzinger.). Ebner & Seubert.","We were so absorbed in our books (Burckhardt) and Morley’s Diderot that we passed the station without noticing, and had to walk back two km., not much and it was deliciously warm, like a spring day.",La Civilisation en Italie au temps de la Renaissance by Burckhardt,Q1839282,,IT,,,"We were so absorbed in our books (Burckhardt) and Morley’s Diderot that we passed the station without noticing, and had to walk back two km., not much and it was deliciously warm, like a spring day.",We,day.,https://id.lib.harvard.edu/alma/990109482810203941/catalog,
114,"Potapenko, I. N., and W. Gaussen. 1892. The General's Daughter. London: T. F. Unwin.",I read The General’s Daughter by Potapen[c]ko  and Morley’s second volume of Diderot. ,The General's Daughter by Potapenko,,,IT,,,I read The General’s Daughter by Potapen[c]ko  and Morley’s second volume of Diderot. ,I,Diderot.,http://id.lib.harvard.edu/alma/990109244970203941/catalog,https://www.worldcat.org/title/10321519?oclcNum=10321519
114,"Morley, John, and Woodrow Wilson Collection. 1886. Diderot and the Encyclopedists. London: Macmillan and co.",I read The General’s Daughter by Potapen[c]ko  and Morley’s second volume of Diderot. ,Diderot and the Encyclopedists by Morley,,,IT,,,I read The General’s Daughter by Potapen[c]ko  and Morley’s second volume of Diderot. ,I,Diderot.,https://id.lib.harvard.edu/alma/990014260890203941/catalog,https://www.worldcat.org/title/1601591?oclcNum=1601591
114,"Potapenko, I. N., and W. Gaussen. 1892. The General's Daughter. London: T. F. Unwin.","Bernhard finished The General’s Daughter, and walked out to S. Maria di Belvedere, after we had seen a charming little palazzino in the [0319] garden of the Vitelli palace near the station, now belonging to Principe Boncampagna",The General's Daughter by Potapenko,,,IT,,,"Bernhard finished The General’s Daughter, and walked out to S. Maria di Belvedere, after we had seen a charming little palazzino in the [0319] garden of the Vitelli palace near the station, now belonging to Principe Boncampagna. Fish-pond and all were quite like a Roman Villa.",Bernhard,Villa.,http://id.lib.harvard.edu/alma/990109244970203941/catalog,https://www.worldcat.org/title/10321519?oclcNum=10321519
114,"Morley, John, and Woodrow Wilson Collection. 1886. Diderot and the Encyclopedists. London: Macmillan and co.","We were so absorbed in our books (Burckhardt) and Morley’s Diderot that we passed the station without noticing, and had to walk back two km., not much and it was deliciously warm, like a spring day.",Diderot and the Encyclopedists by Morley,,,IT,,,"We were so absorbed in our books (Burckhardt) and Morley’s Diderot that we passed the station without noticing, and had to walk back two km., not much and it was deliciously warm, like a spring day.",We,day.,https://id.lib.harvard.edu/alma/990014260890203941/catalog,https://www.worldcat.org/title/1601591?oclcNum=1601591
119,"Gardiner, Samuel Rawson. 1886. The Thirty Years' War, 1618-1648. 7th ed. London: Longmans, Green.","I finished Gardiner’s Thirty Years’ War,",Thirty Years' War by Gardiner,,,IT,,,"I finished Gardiner’s Thirty Years’ War,",I,War.,https://id.lib.harvard.edu/alma/990030218110203941/catalog,https://www.worldcat.org/title/6294515?oclcNum=6294515
120,"Brosses, Charles de, Fondo Cicognara, and Leopoldo Cicognara Program. 1798. Lettres historiques et critiques sur l'Italie de Charles de Brosses .. A Paris: Chez Ponthieu …",Read De Brosses’ Lettres sur l’Italie.,Lettres historiques et critiques sur l'Italie by Brosses,Q3237036,,IT,,,Read De Brosses’ Lettres sur l’Italie.,Read,l'Italie.,https://id.lib.harvard.edu/alma/990126685300203941/catalog,
121,"Brosses, Charles de, Fondo Cicognara, and Leopoldo Cicognara Program. 1798. Lettres historiques et critiques sur l'Italie de Charles de Brosses .. A Paris: Chez Ponthieu …",De Brosses and Quadri.,Lettres historiques et critiques sur l'Italie by Brosses,Q3237036,,IT,,,De Brosses and Quadri.,De,Quadri.,https://id.lib.harvard.edu/alma/990126685300203941/catalog,
121,"Geymüller, Heinrich Adolf. 1875. Die ursprünglichen entwürfe für Sanct Peter in Rom von Bramante, Raphael Santi, Fra Giocondo, den Sangallo's u.a.m. nebst zahlreichen ergänzungen, und einem texte zum ersten mal herausgegeben. Wien : Paris: Lehmann und Wentzel ; Verlag von J. Baudry.",I began Geymüller’s book on Bramante and St. Peter’s.,"Die ursprünglichen entwürfe für Sanct Peter in Rom von Bramante, Raphael Santi, Fra Giocondo, den Sangallo's u.a.m. nebst zahlreichen ergänzungen, und einem texte zum ersten mal herausgegeben by Geymüller",,,IT,,,I began Geymüller’s book on Bramante and St. Peter’s.,I,Peter's.,http://id.lib.harvard.edu/alma/990049883550203941/catalog,https://www.worldcat.org/title/10198002?oclcNum=10198002
122,"Machiavelli, Niccolò, Laurence Arthur Burd, and John Emerich Edward Dalberg Acton Acton. 1891. Il principe. Oxford: The Clarendon Press.","I finished Geymüller, and Bernhard lost himself in Burd’s edition of Il Principe.",Il Principe by Machiavelli,Q18647256,"BB, Wikidata links to different edition",IT,,,"I finished Geymüller, and Bernhard lost himself in Burd’s edition of Il Principe.",I,Principe.,https://id.lib.harvard.edu/alma/990015199460203941/catalog,
122,"Geymüller, Heinrich Adolf. 1875. Die ursprünglichen entwürfe für Sanct Peter in Rom von Bramante, Raphael Santi, Fra Giocondo, den Sangallo's u.a.m. nebst zahlreichen ergänzungen, und einem texte zum ersten mal herausgegeben. Wien : Paris: Lehmann und Wentzel ; Verlag von J. Baudry.","I finished Geymüller, and Bernhard lost himself in Burd’s edition of Il Principe.","Die ursprünglichen entwürfe für Sanct Peter in Rom von Bramante, Raphael Santi, Fra Giocondo, den Sangallo's u.a.m. nebst zahlreichen ergänzungen, und einem texte zum ersten mal herausgegeben by Geymüller",,,IT,,,"I finished Geymüller, and Bernhard lost himself in Burd’s edition of Il Principe.",I,Principe.,http://id.lib.harvard.edu/alma/990049883550203941/catalog,https://www.worldcat.org/title/10198002?oclcNum=10198003
123,"Bridges, Robert. 1884. Prometheus the Firegiver. London: George Bell.",we read Bridges’ poetry,Bridges’ poetry,Q3922890,not sure exact poem,EW,,,"In the evening we read Bridges’
 poetry, but did not find much life in it.",In,it.,"https://hollis.harvard.edu/primo-explore/search?tab=everything&search_scope=everything&vid=HVD2&lang=en_US&mode=basic&offset=0&query=lsr01,contains,990109207170203942",
124,"Ranke, Leopold von, J. Jacques Porchat, and C. Miot. 1854. Histoire de France, principalement pendant le XVIe et le XVIIe siècle. Paris: Friedrich Klincksieck.",He has just finished and I am just beginning Ranke’s Histoire de France.,Histoire de France by Ranke,,BB/MB,IT,,,He has just finished and I am just beginning Ranke’s Histoire de France.,He,France.,https://id.lib.harvard.edu/alma/990035067250203941/catalog,https://www.worldcat.org/title/18657700?oclcNum=18657700
124,"Perry, Thomas Sergeant. 1890. A History of Greek Literature. New York: H. Holt and company.",I began Perry’s Greek Literature.,Greek Literature by Perry,,,IT,,,I began Perry’s Greek Literature.,I,Literature.,https://id.lib.harvard.edu/alma/990015183280203941/catalog,https://www.worldcat.org/title/262828501?oclcNum=262828501
124,"Perry, Thomas Sergeant. 1890. A History of Greek Literature. New York: H. Holt and company.","Read Perry, studied German.",Greek Literature by Perry,,,IT,,,"Read Perry, studied German.",Read,German.,https://id.lib.harvard.edu/alma/990015183280203941/catalog,https://www.worldcat.org/title/262828501?oclcNum=262828502
125,"Browning, R. (1871). Balaustion's adventure : including a transcript from Euripides. James R. Osgood.",Bernhard read Vol. II of Ranke’s Histoire de la France and “Balaustion’s Adventure” (Browning).,Balaustion’s Adventure by Browning.,Q19061994,BB,IT,,,I read a good deal of Perry and of Ranke and had a German lesson. Bernhard read Vol. II of Ranke’s Histoire de la France and “Balaustion’s Adventure” (Browning).,I,(Browning).,https://id.lib.harvard.edu/alma/990014349640203941/catalog,
125,"Perry, Thomas Sergeant. 1890. A History of Greek Literature. New York: H. Holt and company.",I read a good deal of Perry and of Ranke and had a German lesson.,Greek Literature by Perry,,,IT,,,I read a good deal of Perry and of Ranke and had a German lesson. Bernhard read Vol. II of Ranke’s Histoire de la France and “Balaustion’s Adventure” (Browning).,I,(Browning).,https://id.lib.harvard.edu/alma/990015183280203941/catalog,https://www.worldcat.org/title/262828501?oclcNum=262828503
125,"Ranke, Leopold von, J. Jacques Porchat, and C. Miot. 1854. Histoire de France, principalement pendant le XVIe et le XVIIe siècle. Paris: Friedrich Klincksieck.",I read a good deal of Perry and of Ranke and had a German lesson.,Histoire de France by Ranke,,,IT,,,I read a good deal of Perry and of Ranke and had a German lesson. Bernhard read Vol. II of Ranke’s Histoire de la France and “Balaustion’s Adventure” (Browning).,I,(Browning).,https://id.lib.harvard.edu/alma/990035067250203941/catalog,https://www.worldcat.org/title/18657700?oclcNum=18657700
125,"Ranke, Leopold von, J. Jacques Porchat, and C. Miot. 1854. Histoire de France, principalement pendant le XVIe et le XVIIe siècle. Paris: Friedrich Klincksieck.",Bernhard read Vol. II of Ranke’s Histoire de la France and “Balaustion’s Adventure” (Browning).,Histoire de France by Ranke,,BB,IT,,,I read a good deal of Perry and of Ranke and had a German lesson. Bernhard read Vol. II of Ranke’s Histoire de la France and “Balaustion’s Adventure” (Browning).,I,(Browning).,https://id.lib.harvard.edu/alma/990035067250203941/catalog,https://www.worldcat.org/title/18657700?oclcNum=18657701
126,"Ranke, Leopold von, J. Jacques Porchat, and C. Miot. 1854. Histoire de France, principalement pendant le XVIe et le XVIIe siècle. Paris: Friedrich Klincksieck.",Read Ranke and Perry and Huysmans’ Sac au Dos.,Histoire de France by Ranke,,,IT,,,Read Ranke and Perry and Huysmans’ Sac au Dos.,Read,Dos.,https://id.lib.harvard.edu/alma/990035067250203941/catalog,https://www.worldcat.org/title/18657700?oclcNum=18657702
126,"Perry, Thomas Sergeant. 1890. A History of Greek Literature. New York: H. Holt and company.",Read Ranke and Perry and Huysmans’ Sac au Dos.,Greek Literature by Perry,,,IT,,,Read Ranke and Perry and Huysmans’ Sac au Dos.,Read,Dos.,https://id.lib.harvard.edu/alma/990015183280203941/catalog,https://www.worldcat.org/title/262828501?oclcNum=262828501
126,"Perry, Thomas Sergeant. 1890. A History of Greek Literature. New York: H. Holt and company.","Read poetry of Charles d’Orleans, Perry, Ranke.",Greek Literature by Perry,,,IT,,,"Read poetry of Charles d’Orleans, Perry, Ranke.",Read,Ranke.,https://id.lib.harvard.edu/alma/990015183280203941/catalog,https://www.worldcat.org/title/262828501?oclcNum=262828501
126,"Ranke, Leopold von, J. Jacques Porchat, and C. Miot. 1854. Histoire de France, principalement pendant le XVIe et le XVIIe siècle. Paris: Friedrich Klincksieck.","Read poetry of Charles d’Orleans, Perry, Ranke.",Histoire de France by Ranke,,,IT,,,"Read poetry of Charles d’Orleans, Perry, Ranke.",Read,Ranke.,https://id.lib.harvard.edu/alma/990035067250203941/catalog,https://www.worldcat.org/title/1022964219
126,"Morley, John, and Woodrow Wilson Collection. 1886. Diderot and the Encyclopedists. London: Macmillan and co.","Bernhard has just finished Morley’s Diderot, and is reading Voltaire and Tristram Shandy.",Diderot and the Encyclopedists by Morley,,BB,IT,,,"Bernhard has just finished Morley’s Diderot, and is reading Voltaire and Tristram Shandy.",Bernard,Shandy.,https://id.lib.harvard.edu/alma/990014260890203941/catalog,
127,"Mérimée, Prosper. 1892. Chronique du régne de Charles IX. Paris: Calmann Lévy.",read Merimée’s Chronique de Charles IX,Merimée’s Chronique de Charles IX,Q568583,,EW,,,"I finished Vol. I of Ranke’s History of France
 and read Merimée’s Chronique de Charles IX,
 and studied German.",I,German,https://www.google.com/url?q=http://id.lib.harvard.edu/alma/990109261910203941/catalog&sa=D&source=docs&ust=1687168325226264&usg=AOvVaw2m8FhACpze3teKzoOtpFbs,
127,"Ranke, Leopold von, J. Jacques Porchat, and C. Miot. 1854. Histoire de France, principalement pendant le XVIe et le XVIIe siècle. Paris: Friedrich Klincksieck.",I finished Vol. I of Ranke’s History of France,Vol. I of Ranke’s History of France,Q77184,Wikidata ID for Ranke,EW,,,"I finished Vol. I of Ranke’s History of France
and read Merimée’s Chronique de Charles IX,
and studied German.",I,German,"https://hollis.harvard.edu/primo-explore/search?tab=everything&search_scope=everything&vid=HVD2&lang=en_US&mode=basic&offset=0&query=lsr01,contains,990035067250203941",
127,"Ranke, Leopold von, J. Jacques Porchat, and C. Miot. 1854. Histoire de France, principalement pendant le XVIe et le XVIIe siècle. Paris: Friedrich Klincksieck.",I at Vol. II of Ranke ,Vol. II of Ranke,Q77185,Wikidata ID for Ranke,EW,,,"B. reading Voltaire and Tristram Shandy,
 I at Vol. II of Ranke and my German lesson.",B.,lesson.,"https://hollis.harvard.edu/primo-explore/search?tab=everything&search_scope=everything&vid=HVD2&lang=en_US&mode=basic&offset=0&query=lsr01,contains,990035067250203942",
127,"Ranke, Leopold von, J. Jacques Porchat, and C. Miot. 1854. Histoire de France, principalement pendant le XVIe et le XVIIe siècle. Paris: Friedrich Klincksieck.","Read Ranke, etc.",Ranke,Q77186,Wikidata ID for Ranke,EW,,,"Read Ranke, etc.",Read,etc.,"https://hollis.harvard.edu/primo-explore/search?tab=everything&search_scope=everything&vid=HVD2&lang=en_US&mode=basic&offset=0&query=lsr01,contains,990035067250203943",
131,"Hawthorne, Nathaniel. 1860. The Marble Faun, or, the Romance of Monte Beni. 9th ed. Boston: Houghton Mifflin.","I read Hawthorne’s Italian Notebooks
 and his Marble Faun,",Marble Faun,Q3222702,,EW,,,"I read Hawthorne’s Italian Notebooks and his Marble Faun, which [0351] is a mere re-hash of them. Here, set down for once in unblushing print, is The American Traveller, as you still see him, climbing to the top of St Peter’s, pacing halls to find their length, bored to death in the Galleries, yet haunting them, and getting ready to pine without them in America, tyrannized over by his servants, vastly more interested in chance American acquaintances than in all antiquity, discussing ART with everyone — in short, William James!
",I,James,"https://hollis.harvard.edu/primo-explore/search?tab=everything&search_scope=everything&vid=HVD2&lang=en_US&mode=basic&offset=0&query=lsr01,contains,990087238850203941",
131,"Hawthorne, Nathaniel. 1871. Passages from the French and Italian Note-Books of Nathaniel Hawthorne. Boston: Houghton, Mifflin.",read Hawthorne’s Italian Notebooks,Hawthorne’s Italian Notebooks,Q69339,wikidata ID for Hawthorne,EW,,,"I read Hawthorne’s Italian Notebooks and his Marble Faun, which [0351] is a mere re-hash of them. Here, set down for once in unblushing print, is The American Traveller, as you still see him, climbing to the top of St Peter’s, pacing halls to find their length, bored to death in the Galleries, yet haunting them, and getting ready to pine without them in America, tyrannized over by his servants, vastly more interested in chance American acquaintances than in all antiquity, discussing ART with everyone — in short, William James!
",I,James,"https://hollis.harvard.edu/primo-explore/search?tab=everything&search_scope=everything&vid=HVD2&lang=en_US&mode=basic&offset=0&query=lsr01,contains,990119453450203941",
133,"Rabelais, F., Le Duchat, J., Urquhart, T., Motteux, P. A., & Ozell, J. (1863). The works of Francis Rabelais. (A new ed., rev., and with additional notes ...). H. G. Bohn.","He is reading Rabelais,",Rabelais,Q131018,wikidata id for Rabelais,EW,,,"He is reading Rabelais,
 and I Tristram Shandy.",He,Shandy.,"https://hollis.harvard.edu/primo-explore/search?tab=everything&search_scope=everything&vid=HVD2&lang=en_US&mode=basic&offset=0&query=lsr01,contains,990109196060203941",
133,"Ranke, Leopold von, J. Jacques Porchat, and C. Miot. 1854. Histoire de France, principalement pendant le XVIe et le XVIIe siècle. Paris: Friedrich Klincksieck.",Read Symonds and Eastlake and Ranke.,Ranke,Q77187,Wikidata ID for Ranke,EW,,,Read Symonds and Eastlake and Ranke.,Read,Ranke.,"https://hollis.harvard.edu/primo-explore/search?tab=everything&search_scope=everything&vid=HVD2&lang=en_US&mode=basic&offset=0&query=lsr01,contains,990035067250203944",
133,"Brownell, W. G. 1892. French Art. London: Nutt."," book called French Art by one Brownell,","French Art by one Brownell,",Q8007251,wikidata ID for Brownell,EW,,,"Ray sent me Valentines she had painted herself, and Alys sent me a book called French Art by one Brownell, which Bernhard and I both read the same day, with mixed emotions, mostly disgust.
",Ray,disgust. ,"https://hollis.harvard.edu/primo-explore/search?tab=everything&search_scope=everything&vid=HVD2&lang=en_US&mode=basic&offset=0&query=lsr01,contains,990109393350203941",
135,"Rabelais, F., Le Duchat, J., Urquhart, T., Motteux, P. A., & Ozell, J. (1863). The works of Francis Rabelais. (A new ed., rev., and with additional notes ...). H. G. Bohn.",Bernhard entered upon Vol. II of Rabelais.,Vol. II of Rabelais.,Q131019,wikidata id for Rabelais,EW,,,I finished Tristram Shandy and Bernhard entered upon Vol. II of Rabelais.,I,Rabelais.,"https://hollis.harvard.edu/primo-explore/search?tab=everything&search_scope=everything&vid=HVD2&lang=en_US&mode=basic&offset=0&query=lsr01,contains,990109196060203942",
136,"Ranke, Leopold von, J. Jacques Porchat, and C. Miot. 1854. Histoire de France, principalement pendant le XVIe et le XVIIe siècle. Paris: Friedrich Klincksieck.",Finished Ranke,Ranke,Q77188,Wikidata ID for Ranke,EW,,,Finished Ranke.,Finished,Ranke.,"https://hollis.harvard.edu/primo-explore/search?tab=everything&search_scope=everything&vid=HVD2&lang=en_US&mode=basic&offset=0&query=lsr01,contains,990035067250203945",
138,"Ranke, Leopold von, J. Jacques Porchat, and C. Miot. 1854. Histoire de France, principalement pendant le XVIe et le XVIIe siècle. Paris: Friedrich Klincksieck.",compared to Ranke,Ranke,Q77189,Wikidata ID for Ranke,EW,,,"I began Michelet’s Richelieu.
 It is full of anecdotage, as compared to Ranke.",I,Ranke.,"https://hollis.harvard.edu/primo-explore/search?tab=everything&search_scope=everything&vid=HVD2&lang=en_US&mode=basic&offset=0&query=lsr01,contains,990035067250203946",
142,"Ibsen, Henrik, and William Archer. 1890. Ibsen's Prose Dramas. Authorized English edition. London : New York: Walter Scott ; Scribner.",Read An Enemy of the People (Ibsen).,An Enemy of the People (Ibsen).,Q1305319,generic ID for play - not Berenson's edition,EW,,,Read An Enemy of the People (Ibsen).,Read,(Ibsen).,"https://hollis.harvard.edu/primo-explore/search?tab=everything&search_scope=everything&vid=HVD2&lang=en_US&mode=basic&offset=0&query=lsr01,contains,990026614370203941",
143,"Goldsmith, Oliver, V. A. Poirson, and George Saintsbury. 1886. The Vicar of Wakefield. New York: G. Routledge.", read The Vicar of Wakefield.,The Vicar of Wakefield.,Q1196205,,EW,,,In the afternoon they walked over Bellosguardo and I read The Vicar of Wakefield.,In,Wakefield.,"https://hollis.harvard.edu/primo-explore/search?tab=everything&search_scope=everything&vid=HVD2&lang=en_US&mode=basic&offset=0&query=lsr01,contains,990030237980203941",
143,"Ibsen, Henrik, and William Archer. 1890. Ibsen's Prose Dramas. Authorized English edition. London : New York: Walter Scott ; Scribner.",Read aloud Ghosts (Ibsen),Ghosts (Ibsen),Q1434818,generic ID for play - not Berenson's edition,EW,,,"Read aloud Ghosts (Ibsen) in the evening, while Bernhard looked at photographs.",Read,photographs.,"https://hollis.harvard.edu/primo-explore/search?tab=everything&search_scope=everything&vid=HVD2&lang=en_US&mode=basic&offset=0&query=lsr01,contains,990026614370203941",
154,"Bridges, Robert. 1884. Prometheus the Firegiver. London: George Bell.","we read Robert Bridges,",Robert Bridges,Q3922889,not sure exact poem,EW,,,"In the evening we read Robert Bridges, and “Michael” was the only one left to say a word in his defence, and that a feeble one. “Field” she calls “The Walls of Jericho”, for she crumbles to ruins when she tries “new” doctrine. That is so brave and sincere of her, she does not stand up for her old opinions. She groaned and said it made her fear that their volume which is just being issued, A Book of Verses underneath the Bough, will receive but a Lenten welcome. But why should one tolerate Elizabethan copies nowadays anymore than we should tolerate say ante plein air painting in France? Then Bridges has nothing to say.",In,say,"https://hollis.harvard.edu/primo-explore/search?tab=everything&search_scope=everything&vid=HVD2&lang=en_US&mode=basic&offset=0&query=lsr01,contains,990109207170203941",
154,"Field, Michael, Katharine Harris Bradley, Edith Emma Cooper, Selwyn Image, and Chiswick Press. 1893. Underneath the Bough : a Book of Verses. London ; New York: G. Bell : Chiswick Press.",poetry,A Book of Verses underneath the Bough,Q839369,wikidata id for Field,EW,,,"In the evening we read Robert Bridges, and “Michael” was the only one left to say a word in his defence, and that a feeble one. “Field” she calls “The Walls of Jericho”, for she crumbles to ruins when she tries “new” doctrine. That is so brave and sincere of her, she does not stand up for her old opinions. She groaned and said it made her fear that their volume which is just being issued, A Book of Verses underneath the Bough, will receive but a Lenten welcome. But why should one tolerate Elizabethan copies nowadays anymore than we should tolerate say ante plein air painting in France? Then Bridges has nothing to say.",In,say,"https://hollis.harvard.edu/primo-explore/search?query=lsr01,contains,990094501270203941&tab=everything&search_scope=everything&vid=HVD2&lang=en_US&mode=basic&offset=0",
156,"Field, Michael, Katharine Harris Bradley, Edith Emma Cooper, Selwyn Image, and Chiswick Press. 1893. Underneath the Bough : a Book of Verses. London ; New York: G. Bell : Chiswick Press.","Their last volume, A Book of Verses underneath the Bough,",A Book of Verses underneath the Bough,Q839370,wikidata id for Field,EW,,,"Their last volume, A Book of Verses underneath the Bough, came, and we read it and talked much about it. Bernhard advised them to give up Drama and stick to impressions.",Their,impressions,"https://hollis.harvard.edu/primo-explore/search?query=lsr01,contains,990094501270203941&tab=everything&search_scope=everything&vid=HVD2&lang=en_US&mode=basic&offset=1",
160,"Field, Michael, Katharine Harris Bradley, Edith Emma Cooper, Selwyn Image, and Chiswick Press. 1893. Underneath the Bough : a Book of Verses. London ; New York: G. Bell : Chiswick Press.",read Underneath the Bough,Underneath the Bough,Q839370,wikidata id for Field,EW,,,Read Underneath the Bough in the evening and arranged their “revised and decreased” edition.,Read,edition,"https://hollis.harvard.edu/primo-explore/search?query=lsr01,contains,990094501270203941&tab=everything&search_scope=everything&vid=HVD2&lang=en_US&mode=basic&offset=1",
161,"Ranke, Leopold von. 1840. The Ecclesiastical and Political History of the Popes of  Rome During the Sixteenth and Seventeenth Centuries. London: J. Murray. ",Reading Ranke’s Popes and History of England,Ranke’s Popes,Q42189410,,EW,,,"Reading Ranke’s Popes and History of England, Corrager’s Gothic Architecture.",Reading,Architecture.,"https://hollis.harvard.edu/primo-explore/search?tab=everything&search_scope=everything&vid=HVD2&lang=en_US&mode=basic&offset=0&query=lsr01,contains,990027395760203941",
161,"Ranke, Leopold von. 1875. A History of England Principally in the Seventeenth Century. Oxford: The Clarendon press.","Reading Ranke’s Popes and History of England, ",History of England,Q77184,wikidata id for Ranke,EW,,,"Reading Ranke’s Popes and History of England, Corrager’s Gothic Architecture.",Reading,Architecture.,"https://hollis.harvard.edu/primo-explore/search?query=lsr01,contains,990009866660203941&tab=everything&search_scope=everything&vid=HVD2&lang=en_US&mode=basic&offset=0",
162,"Corroyer, Édouard Jules. 1891. L'architecture gothique. Paris: Librairies-impr. Réunies.","Reading Ranke’s Popes and History of England, Corrager’s Gothic Architecture.",Corrager’s Gothic Architecture.,Q1287541,Mary mispelled? wikidata idea for Corroyer,EW,,,"Reading Ranke’s Popes and History of England, Corrager’s Gothic Architecture.",Reading,Architecture.,"https://hollis.harvard.edu/primo-explore/search?query=lsr01,contains,990048169900203941&tab=everything&search_scope=everything&vid=HVD2&lang=en_US&mode=basic&offset=0",
169,"Ranke, Leopold von. 1845. History of the Reformation in Germany. 2d ed. London: Longman, Brown, Green, and Longmans.",Finished Vol. I of Ranke’s History of Reformation.,Vol. I of Ranke’s History of Reformation.,Q77184,wikidata id for von Ranke,EW,,,Finished Vol. I of Ranke’s History of Reformation.,Finished,Reformation.,"https://hollis.harvard.edu/primo-explore/search?tab=everything&search_scope=everything&vid=HVD2&lang=en_US&mode=basic&offset=0&query=lsr01,contains,990027360170203941",
169,"Ranke, Leopold von. 1845. History of the Reformation in Germany. 2d ed. London: Longman, Brown, Green, and Longmans.",Read Ranke,Ranke,Q77185,wikidata id for von Ranke,EW,,,Read Ranke.,Read,Ranke.,"https://hollis.harvard.edu/primo-explore/search?tab=everything&search_scope=everything&vid=HVD2&lang=en_US&mode=basic&offset=0&query=lsr01,contains,990027360170203942",
171,"Goldoni, Carlo. 1889. Memorie di Carlo Goldoni per l'Istoria della sua vita e del suo teatro rivedute e corrette. Milano: E. Sonzogno.",began Goldoni’s Memoirs,Goldoni’s Memoirs,Q165534,wikidata id for Goldoni,EW,,,"Lido in the afternoon, and I had a glorious swim.
I finished Horatio Brown’s History of Venice
 and began Goldoni’s Memoirs. Wrote, etc.",Lido,etc. ,"https://hollis.harvard.edu/primo-explore/search?query=lsr01,contains,990109448020203941&tab=everything&search_scope=everything&vid=HVD2&lang=en_US&mode=basic&offset=0",
172,"Goldoni, Carlo. 1893. La Buona Madre. Roma: E. Porino Edit.",Read and saw Goldoni’s Burbero Benefico.,Goldoni’s Burbero Benefico.,Q165534,wikidata id for Goldoni,EW,,,Read and saw Goldoni’s Burbero Benefico.,Read,Benefico.,"https://hollis.harvard.edu/primo-explore/search?tab=everything&search_scope=everything&vid=HVD2&lang=en_US&mode=basic&offset=0&query=lsr01,contains,990109447950203941",
172,"Brown, Horatio F. 1893. Venice : an Historical Sketch of the Republic : with Maps and Plan. London: Rivington, Percival.",I finished Horatio Brown’s History of Venice,Horatio Brown’s History of Venice,Q3786754,wikidata id for Horatio Brown,EW,,,"I finished Horatio Brown’s History of Venice
 and began Goldoni’s Memoirs. Wrote, etc.",I,etc. ,"https://hollis.harvard.edu/primo-explore/search?tab=everything&search_scope=everything&vid=HVD2&lang=en_US&mode=basic&offset=0&query=lsr01,contains,990028136010203941",
173,"Luzio, Alessandro, and Rodolfo Renier. 1893. Mantova e Urbino: Isabella d'Este ed Elisabetta Gonzaga nelle relazioni famigliari e nelle vicende politiche. Torino, Roma: L. Roux e c.",Read Ranke and Mantova e Urbino by Luzio and Renier.,Mantova e Urbino by Luzio and Renier.,Q103953124,Wikidata entry for Luzio,EW,,,Read Ranke and Mantova e Urbino by Luzio and Renier.,Read,Renier,"https://hollis.harvard.edu/primo-explore/search?tab=everything&search_scope=everything&vid=HVD2&lang=en_US&mode=basic&offset=0&query=lsr01,contains,990043010100203941",
174,"Luzio, Alessandro, and Rodolfo Renier. 1893. Mantova e Urbino: Isabella d'Este ed Elisabetta Gonzaga nelle relazioni famigliari e nelle vicende politiche. Torino, Roma: L. Roux e c.",Bernhard read his Mantova e Urbino.,Mantova e Urbino by Luzio and Renier.,Q103953125,Wikidata entry for Luzio,EW,,,"In the evening, after a pleasant little call from the doctor, I finished Vol. II of Ranke’s Reformation, and did some writing, while Bernhard read his Mantova e Urbino.",In,Urbino.,"https://hollis.harvard.edu/primo-explore/search?tab=everything&search_scope=everything&vid=HVD2&lang=en_US&mode=basic&offset=0&query=lsr01,contains,990043010100203942",
174,Spaventi Silvio Marco and Pisanello Pisanello. 1892. Antonio Pisano Detto Pisanello Pittore E Medaglista Veronese Della Prima Metà Del Secolo Xve. Verona: Prem. Zinco-Tip. Pozzati.,I read Spaventi’s Pisanello,Spaventi’s Pisanello,,,IT,,,"I read Spaventi’s Pisanello
 in the evening, and Bernhard Ranke.",I,Ranke.,https://id.lib.harvard.edu/alma/990109349030203941/catalog,https://www.worldcat.org/title/252606222
175,,I read Ranke and an awful Italian book on the Veronese artists by Zannandreis., Italian book on the Veronese artists by Zannandreis,Q85861816,wikidata id for  Zannandreis,EW,,,"I read Ranke and an awful Italian book on the Veronese artists by Zannandreis,
 which Bernhard spent the evening cursing.",I,cursing. ,"https://hollis.harvard.edu/primo-explore/search?query=lsr01,contains,990039381100203941&tab=everything&search_scope=everything&vid=HVD2&lang=en_US&mode=basic&offset=0",
176,"Luzio, Alessandro, and Rodolfo Renier. 1893. Mantova e Urbino: Isabella d'Este ed Elisabetta Gonzaga nelle relazioni famigliari e nelle vicende politiche. Torino, Roma: L. Roux e c.",Bernhard finished the Mantova e Urbino.,Mantova e Urbino by Luzio and Renier.,Q103953125,Wikidata entry for Luzio,EW,,,Bernhard finished the Mantova e Urbino.,Bernhard,Urbino.,"https://hollis.harvard.edu/primo-explore/search?tab=everything&search_scope=everything&vid=HVD2&lang=en_US&mode=basic&offset=0&query=lsr01,contains,990043010100203942",
176,,I read Modern Painters,Modern Painters,Q6888803,,EW,,,"I read Modern Painters
 and Bernhard the Cortigiano.",I,Cortigiano,"https://hollis.harvard.edu/primo-explore/search?tab=everything&search_scope=everything&vid=HVD2&lang=en_US&mode=basic&offset=0&query=lsr01,contains,990040530920203941",
178,"Luzio, Alessandro, and Rodolfo Renier. 1893. Mantova e Urbino: Isabella d'Este ed Elisabetta Gonzaga nelle relazioni famigliari e nelle vicende politiche. Torino, Roma: L. Roux e c.",I wrote a review of Luzio and Renier’s Mantova e Urbino,Luzio and Renier’s Mantova e Urbino,Q103953126,Wikidata entry for Luzio,EW,,,I wrote a review of Luzio and Renier’s Mantova e Urbino and sent it to the Chronicle.,I,chronicle,"https://hollis.harvard.edu/primo-explore/search?tab=everything&search_scope=everything&vid=HVD2&lang=en_US&mode=basic&offset=0&query=lsr01,contains,990043010100203943",
180,,Finished Vol. IV of Modern Painters,Vol. IV of Modern Painters,Q6888804,,EW,,,"Finished Vol. IV of Modern Painters, a horrid mixture of Theology and Geology. Bernhard is reading Scott’s Old Mortality.",Finished,Mortality.,"https://hollis.harvard.edu/primo-explore/search?tab=everything&search_scope=everything&vid=HVD2&lang=en_US&mode=basic&offset=0&query=lsr01,contains,990040530920203942",
181,"Longfellow, Henry Wadsworth. 1867. The Divine Comedy of Dante Alighieri. London: G. Routledge.",,,,,,,,,,,,https://www.worldcat.org/title/1601591
100,"Warre Cornish,  Francis. 1884. Life of Oliver Cromwell. London: Rivingtons.",read Oliver Cromwell by F. W. Cornish,Oliver Cromwell by F. W. Cornish ,Q5482703,Wikidata id for Cornish,EW,,,I read Oliver Cromwell by F. W. Cornish,I,Cornish,"https://hollis.harvard.edu/primo-explore/search?tab=everything&search_scope=everything&vid=HVD2&lang=en_US&mode=basic&offset=0&query=lsr01,contains,990109278160203941",https://id.oclc.org/worldcat/entity/E39PCFBWMG8gq6xhxqkXXKF64y
101,"Warre Cornish,  Francis. 1884. Life of Oliver Cromwell. London: Rivingtons.",read Oliver Cromwell by F. W. Cornish,Oliver Cromwell by F. W. Cornish ,Q5482703,Wikidata id for Cornish,EW,,,,,,,