,Page #,Entry,Type,Wikidata ID,Notes,Annotator,Visited place,BB visited place,Unnamed: 8
3408,73.0,Rubens,person,Q5599,,IT,,,
1742,73.0,Flemings,person,,Cannot find,IT,,,
88,73.0,Augusta Webster,person,Q4820995,,IT,,,
2811,73.0,Mary,person,Q6779039,,IT,,,
3410,73.0,Rubens,person,Q5999,,IT,,,
358,73.0,Bernhard,person,Q359047,,IT,,,
2740,73.0,Maeterlingk,person,Q49747,,IT,,,
3948,74.0,von Delft,person,Q41264,,IT,,,
2896,74.0,Mersu,person,Q355213,,IT,,,
3411,74.0,Rubens,person,Q5599,,IT,,,
13,74.0,A. Brauwer,person,Q364139,,IT,,,
3346,74.0,Rembrandt,person,Q5598,,IT,,,
3193,74.0,Paul Potter,person,Q355406,,IT,,,
1825,74.0,Franz Hals,person,Q167654,,IT,,,
3722,74.0,Steengracht,person,Q96175994,,IT,,,
3090,75.0,Motley,person,Q689281,,IT,,,
3885,75.0,Van Meer van Delft,person,Q41264,,IT,,,
3154,75.0,P.P.,person,Q355407,,IT,,,
3153,75.0,P.P.,person,Q355406,,IT,,,
2142,75.0,Hokusai,person,Q5586,,IT,,,
3194,75.0,Paul Potter,person,Q355408,,IT,,,
2738,75.0,Maeterlinck,person,Q49747,,IT,,,
3092,76.0,Motley,person,Q689281,,IT,,,
3093,76.0,Motley,person,Q689281,,IT,,,
3886,76.0,Vanmeer,person,Q41264,,IT,,,
2038,76.0,Goncourt,person,Q622283,,IT,,,
3091,76.0,Motley,person,Q689281,,IT,,,
3095,77.0,Motley,person,Q689281,,IT,,,
3096,77.0,Motley,person,Q689281,,IT,,,
3869,77.0,Van du Helst,person,Q380704,,IT,,,
3871,77.0,Van du Helst,person,Q380705,,IT,,,
3873,77.0,Van du Meer,person,Q41264,,IT,,,
2277,77.0,Jan Steen,person,Q205863,,IT,,,
3875,77.0,Van du Meer,person,Q41264,,IT,,,
214,77.0,B.B.,person,Q359047,,IT,,,
1827,77.0,Franz Hals,person,Q167654,,IT,,,
1824,77.0,Franz <Hals>,person,Q167654,,IT,,,
3240,77.0,Pieter de Hooghe,person,Q314889,,IT,,,
3347,77.0,Rembrandt,person,Q5598,,IT,,,
1057,78.0,Botticelli,person,Q5669,,IT,,,
91,78.0,B.,person,Q359047,,IT,,,
3888,78.0,Vanmeer van Delft’s,person,Q41264,,IT,,,
3195,78.0,Paul Potter,person,Q355407,,IT,,,
2752,79.0,Maleine,person,,,ERW,,,
2278,79.0,Jan Steens,person,Q205863,,ERW,,,
92,79.0,B.,person,Q359047,,IT,,,
1329,79.0,Cooper,person,Q3719235,,ERW,,,
1831,79.0,Franz Hals,person,Q167654,,IT,,,
1834,79.0,Franz Hals,person,Q167654,,IT,,,
3097,79.0,Motley,person,Q689281,,ERW,,,
1556,79.0,Cuyks,person,Q313194,,IT,,,
3892,79.0,Vanmeer van Delft’s,person,Q41264,,IT,,,
3196,79.0,Paul Potter,person,Q355407,,ERW,,,
1071,79.0,Bradley,person,Q15982614,,ERW,,,
1339,80.0,Cornelius van Haarlems,person,Q442484,,IT,,,
3588,80.0,Shakspeare,person,,,ERW,,,
3867,80.0,Van der Velde,person,Q2166599,Petrus Van der Velden,ERW,,,
1813,80.0,Frans Hals,person,Q167654,,IT,,,
3348,80.0,Rembrandt,person,Q5598,,ERW,,,
1226,80.0,Carrière,person,Q461464,,IT,,,
3935,81.0,Verspronck,person,Q577974,,ERW,,,
3936,81.0,Verspronck,person,Q577974,,ERW,,,
3822,81.0,Titian,person,Q47551,,ERW,,,
2276,81.0,Jan de Braij,person,Q541789,,ERW,,,
1814,81.0,Frans Hals,person,Q167654,,IT,,,
3957,81.0,Watteau,person,,,ERW,,,
3905,81.0,Velasquez,person,Q297,,ERW,,,
3904,81.0,Velasquez,person,Q297,,ERW,,,
2275,81.0,Jan de Braij,person,Q541789,,ERW,,,
1815,81.0,Frans Hals,person,Q167654,,IT,,,
3868,81.0,Van der Velde,person,Q2166599,Petrus Van der Velden,ERW,,,
3098,81.0,Motley,person,Q689281,,ERW,,,
3823,81.0,Titian,person,Q47551,,ERW,,,
1340,81.0,Cornelius van Haarlems,person,Q442484,,IT,,,
2071,81.0,Hals,person,Q167654,,IT,,,
3260,81.0,Pot,person,,,ERW,,,
3259,81.0,Pot,person,,,ERW,,,
2072,81.0,Hals,person,Q167654,,IT,,,
1635,82.0,Dumas fils,person,Q169150,,IT,,,
2491,82.0,Licht,person,,,ERW,,,
3843,82.0,Tolstoi,person,Q7243,,ERW,,,
3838,82.0,Tolstoi,person,Q7243,,ERW,,,
1613,82.0,Dom,person,Q279402,,IT,,,
2187,82.0,Ibsen,person,Q36661,,IT,,,
2039,83.0,Goncourt,person,Q622283,,IT,,,
359,83.0,Bernhard,person,Q359047,,IT,,,
3155,84.0,Palma,person,Q651795,,ERW,,,
3729,87.0,Stien,person,,,ERW,,,
1817,87.0,Frans Hals,person,Q167654,,IT,,,
3412,87.0,Rubens,person,Q5599,,ERW,,,
3349,88.0,Rembrandt,person,Q5598,,ERW,,,
1818,88.0,Frans Hals,person,Q167654,,IT,,,
3416,88.0,Rubens,person,Q5599,,ERW,,,
3362,88.0,Rembrandts,person,Q5598,,ERW,,,
3730,88.0,Stien,person,,,ERW,,,
3725,88.0,Stevenson,person,,,ERW,,,
3727,89.0,Stevenson,person,,,ERW,,,
3099,89.0,Motley,person,Q689281,,ERW,,,
2175,89.0,Hugo Grotius,person,Q154959,,IT,,,
2743,89.0,Magdalen,person,,,ERW,,,
2056,89.0,Grotius,person,Q154959,,IT,,,
2742,89.0,Magdalen,person,,,ERW,,,
3909,89.0,Vermeer,person,Q41264,,ERW,,,
3350,89.0,Rembrandt,person,Q5598,,ERW,,,
3354,89.0,Rembrandt,person,Q5598,,ERW,,,
3355,89.0,Rembrandt,person,Q5598,,ERW,,,
3359,89.0,Rembrandt,person,Q5598,,ERW,,,
3360,89.0,Rembrandt,person,Q5598,,ERW,,,
2053,89.0,Grotius,person,Q154959,,IT,,,
360,89.0,Bernhard,person,Q359047,,IT,,,
2174,89.0,Hugo Grotius,person,Q154959,,IT,,,
2720,89.0,Madonna,person,,,ERW,,,
2741,89.0,Magdalen,person,,,ERW,,,
2344,89.0,John Polagologos,person,,,ERW,,,
2812,89.0,Mary,person,,,ERW,,,
2744,89.0,Magdalen,person,,,ERW,,,
2901,89.0,Michael,person,,,ERW,,,
2719,89.0,Madonna,person,,,ERW,,,
1889,91.0,Gentile da Fabriano,person,Q312393,,ERW,,,
3796,91.0,Tiepolo,person,Q435316,,ERW,,,
3877,91.0,Van Dyck,person,Q150679,,ERW,,,
77,91.0,Antonio Vivarini,person,Q935534,,IT,,,
2133,92.0,Herr Klinsmann,person,,No wikidata,IT,,,
1719,92.0,Ferrarese,person,Q13362,,IT,,,
3884,92.0,Van Dyck,person,Q150679,,ERW,,,
3100,93.0,Motley,person,Q689281,,ERW,,,
2134,93.0,Herr Klinsmann,person,,No wikidata,IT,,,
3747,93.0,Susanna,person,,,ERW,,,
3852,93.0,Tschudi,person,Q123016,,ERW,,,
1042,93.0,Böcklin,person,Q123072,,IT,,,
1043,93.0,Böcklin,person,Q123073,,IT,,,
336,93.0,Berenson,person,Q359047,,IT,,,
1720,93.0,Ferrarese,person,Q13362,,IT,,,
3853,93.0,Tschudi,person,Q123016,,ERW,,,
1338,94.0,Cope,person,Q62414607,,IT,,,
3101,94.0,Motley,person,Q689281,,ERW,,,
1052,94.0,Bontine,person,,Gabriela Cunninghame Graham,IT,,,
1330,94.0,Cooper,person,Q3719235,,IT,,,
2938,94.0,Michael Fields,person,Q839369,,ERW,,,
2939,95.0,Michael Fields,person,Q839369,,ERW,,,
1748,95.0,Florence Dike,person,,No Wikidata,IT,,,
2721,95.0,Madonna,person,,,ERW,,,
2495,95.0,Lizzie Johnston,person,,,ERW,,,
3102,95.0,Motley,person,Q689281,,ERW,,,
1333,95.0,Cooper,person,Q3719235,,ERW,,,
1334,95.0,Cooper,person,Q3719235,,ERW,,,
215,95.0,B.B.,person,Q359047,,IT,,,
1356,95.0,Costa,person,Q19997507,,ERW,,,
2918,95.0,Michael Field,person,Q839369,,ERW,,,
3604,95.0,Siegfried,person,,,ERW,,,
2920,96.0,Michael Field,person,Q839369,,ERW,,,
2940,96.0,Michael Fields,person,Q839369,,ERW,,,
93,96.0,B.,person,Q359047,,IT,,,
1072,96.0,Bradley,person,Q15982614,,ERW,,,
94,97.0,B.,person,Q359047,,IT,,,
3682,98.0,Sistine Madonna,person,,,ERW,,,
1629,98.0,Dosso,person,Q356777,,IT,,,
2941,98.0,Michael Fields,person,Q839369,,ERW,,,
1630,98.0,Dosso,person,Q356777,,IT,,,
3156,98.0,Palma,person,Q651795,,ERW,,,
3157,98.0,Palma,person,Q651795,,ERW,,,
3828,98.0,Titian,person,Q47551,,ERW,,,
3198,98.0,Paul Veroneses,person,Q9440,,ERW,,,
1696,98.0,Ercole Roberti,person,Q379521,,IT,,,
2722,98.0,Madonna,person,,,ERW,,,
1355,98.0,Cossa,person,Q454892,,IT,,,
1631,98.0,Dosso,person,Q356777,,IT,,,
1882,98.0,Garofalo,person,Q728512,,IT,,,
1990,98.0,Giorgione,person,Q8459,,IT,,,
3054,99.0,Morelli,person,Q923703,,ERW,,,
3391,99.0,Robertson,person,Q111175950,,ERW,,,
2942,99.0,Michael Fields,person,Q839369,,ERW,,,
3390,99.0,Robertson,person,Q111175950,,ERW,,,
3055,99.0,Morelli,person,Q923703,,ERW,,,
2690,102.0,lorsqu’il avait eu,person,,,ERW,,,
3713,103.0,Spike,person,,,ERW,,,
2031,103.0,Goldner Kreuz,person,Q18560073,,IT,,,
3714,104.0,Spike,person,,,ERW,,,
3197,105.0,Paul Veronese,person,Q9440,,ERW,,,
3056,107.0,Morelli,person,Q923703,,ERW,,,
3686,107.0,Sodoma,person,,,ERW,False,False,
1835,107.0,Franz Hals,person,Q167654,,IT,,,
1013,107.0,Besnard,person,Q51563027,,IT,,,
3044,108.0,Monets,person,Q301,,ERW,,,
3043,108.0,Monets,person,Q300,,ERW,,,
2467,108.0,Lehnbachs,person,Q585323,Franz von Lenbach,ERW,,,
2468,108.0,Lehnbachs,person,Q585323,Franz von Lenbach,ERW,,,
1014,108.0,Besnard,person,Q51563027,,IT,,,
3518,108.0,San Peladan,person,,,ERW,,,
2029,108.0,Glyptothek,person,Q162077,,IT,,,
95,108.0,B.,person,Q359047,,IT,,,
2708,109.0,Luini,person,,,ERW,,,
3057,109.0,Morelli,person,Q923703,,ERW,,,
2764,109.0,Mantegna,person,,,ERW,,,
2760,109.0,Mantegna,person,,,ERW,,,
2723,109.0,Madonna,person,,,ERW,,,
3783,109.0,the Fra Bartolommeos,person,,,ERW,,,
2763,109.0,Mantegna,person,,,ERW,,,
96,109.0,B.,person,Q359047,,IT,,,
98,110.0,B.,person,Q359047,,IT,,,
1643,110.0,Dürer,person,Q5580,,IT,,,
3078,110.0,Moretto,person,Q954504,,ERW,,,
3079,110.0,Moretto,person,Q954504,,ERW,,,
2712,110.0,Luini,person,,,ERW,,,
3058,110.0,Morelli,person,Q923703,,ERW,,,
258,110.0,Baedeker,person,Q77302,,IT,,,
2076,112.0,Hanfstaingl,person,Q647812,,IT,,,
3568,112.0,Schack,person,,,ERW,,,
2486,112.0,Leubach,person,,,ERW,,,
2074,113.0,Hamel Jacques,person,,No wikidata,IT,,,
3271,113.0,Puvis de Chavannes,person,Q216873,,ERW,,,
1036,113.0,Blanche,person,Q936710,,IT,,,
2980,113.0,Millet,person,Q148458,Jean-François Millet,ERW,,,
1563,113.0,Dagnau-Bouverets,person,Q663837,,IT,,,
1341,113.0,Corot,person,Q148475,,IT,,,
1637,113.0,Dupré,person,Q959212,,IT,,,
1589,113.0,Diaz,person,Q724140,,IT,,,
3365,113.0,Ribot,person,Q768127,,ERW,,,
2900,113.0,Meunier,person,,,ERW,,,
2724,113.0,Madonna,person,,,ERW,,,
3037,114.0,Monet,person,Q296,,ERW,,,
2756,114.0,Manet,person,,,ERW,,,
3038,114.0,Monet,person,Q297,,ERW,,,
2807,114.0,Marshall,person,,,ERW,,,
1017,114.0,Besnard,person,Q51563027,,IT,,,
99,114.0,B.,person,Q359047,,IT,,,
1018,114.0,Besnard,person,Q51563027,,IT,,,
2755,114.0,Manet,person,,,ERW,,,
1045,114.0,Böcklin,person,Q123075,,IT,,,
3048,114.0,Monets,person,Q303,,ERW,,,
3047,114.0,Monets,person,Q302,,ERW,,,
1015,114.0,Besnard,person,Q51563027,,IT,,,
1044,114.0,Böcklin,person,Q123074,,IT,,,
3540,115.0,Santi Apostoli,person,,,ERW,,,
3543,116.0,Santi Apostoli,person,,,ERW,,,
104,116.0,B.,person,Q359047,,IT,,,
3059,116.0,Morelli,person,Q923703,,ERW,,,
1987,116.0,Giorgio,person,Q3670352,,IT,,,
3552,117.0,Savoldo,person,,,ERW,,,
1256,117.0,Celso,person,Q3668316,,IT,,,
105,117.0,B.,person,Q359047,,IT,,,
1039,117.0,Bôcher,person,Q339406,,IT,,,
3179,117.0,Paolo Veronese,person,,,ERW,,,
2050,118.0,Green,person,Q4726110,,IT,,,
1700,120.0,Evalyne,person,,No wikidata,IT,,,
107,120.0,B.,person,Q359047,,IT,,,
106,120.0,B.,person,Q359047,,IT,,,
3524,121.0,Sanmichele,person,,,ERW,,,
3544,121.0,Santi Apostoli,person,,,ERW,,,
110,121.0,B.,person,Q359047,,IT,,,
3797,121.0,Tiepolo,person,Q435316,,ERW,,,
1714,121.0,Farinati,person,Q367287,,IT,,,
2766,122.0,Mantegna,person,,,ERW,,,
1254,122.0,Cavenaghi,person,Q3266415,,IT,,,
2765,122.0,Mantegna,person,,,ERW,,,
22,122.0,Alberti,person,Q182046,,IT,,,
2024,122.0,Giulio Romano,person,Q215305,,IT,,,
2025,122.0,Giulio Romano,person,Q215305,,IT,,,
2921,123.0,Michael Field,person,Q839369,,ERW,,,
361,123.0,Bernhard,person,Q359047,,IT,,,
3514,123.0,San Nazzaro e Celso,person,,,ERW,,,
1895,123.0,Gertrude,person,,"Gertrude Hitz-Burton, no wikidata",IT,,,
3519,123.0,San Tomaso,person,,,ERW,,,
2026,123.0,Giulio Romano,person,Q215305,,IT,,,
3522,124.0,San Tomaso,person,,,ERW,,,
3517,124.0,San Nazzaro e Celso,person,,,ERW,,,
310,124.0,Bellini,person,Q17169,,IT,,,
2463,124.0,Layard,person,Q275013,Austen Henry Layard ,ERW,,,
1343,125.0,Correggio,person,Q8457,,IT,,,
2464,125.0,Layard,person,Q275013,Austen Henry Layard ,ERW,,,
1971,125.0,Gertrude Burton,person,,"Gertrude Hitz-Burton, no wikidata",IT,,,
1236,126.0,Catena,person,Q1968947,,IT,,,
1357,126.0,Costa,person,Q19997507,,ERW,,,
1973,126.0,Gertrude Burton,person,,"Gertrude Hitz-Burton, no wikidata",IT,,,
3817,126.0,Tintoretto,person,Q706519,,ERW,,,
1359,126.0,Costa,person,Q19997507,,ERW,,,
1358,126.0,Costa,person,Q19997507,,ERW,,,
1644,126.0,Dürer,person,Q5580,,IT,,,
111,126.0,B.,person,Q359047,,IT,,,
112,126.0,B.,person,Q359047,,IT,,,
1202,127.0,Canon Farrar,person,Q288986,,IT,,,
1360,127.0,Costa,person,Q19997507,,ERW,,,
3846,128.0,Torcello,person,Q52441,,ERW,,,
3060,128.0,Morelli,person,Q923703,,ERW,,,
1315,128.0,Claude Phillipps,person,Q5128990,,IT,,,
1361,128.0,Costa,person,Q19997507,,ERW,,,
3458,129.0,S. Pietro,person,,,ERW,,,
3199,130.0,Paul Veroneses,person,Q9440,,ERW,,,
303,130.0,Bassanos,person,Q346502,,ERW,,,
3492,131.0,S. Trovaso,person,,,ERW,,,
3493,131.0,S. Trovaso,person,,,ERW,,,
1886,131.0,Gentile Bellini,person,Q290407,,IT,,,
3476,131.0,S. Sebastiano,person,,,ERW,,,
2782,131.0,Maria Zobenigo,person,,,ERW,,,
3495,131.0,S. Vitale,person,,,ERW,,,
1888,133.0,Gentile Bellini,person,Q290407,,IT,,,
3506,133.0,San Giobbe,person,,,ERW,,,
1362,133.0,Costa,person,Q19997507,,ERW,,,
3287,133.0,Ray,person,Q7298165,,ERW,,,
2168,134.0,Howells,person,Q526709,,IT,,,
3025,134.0,Mlle Miranda,person,,,ERW,,,
3450,134.0,S. Marziale,person,Q690779,Venice,ERW,,,
113,134.0,B.,person,Q359047,,IT,,,
3014,134.0,Mlle Jackowska,person,,,ERW,,,
3749,134.0,Symonds,person,,,ERW,,,
3750,134.0,Symonds,person,,,ERW,,,
3022,134.0,Mlle Mercier,person,,,ERW,,,
3158,135.0,Palma,person,Q651795,,ERW,,,
3015,135.0,Mlle Jackowska,person,,,ERW,,,
3488,135.0,S. Stefano,person,,,ERW,,,
2169,135.0,Howells,person,Q526709,,IT,,,
2173,135.0,Howells,person,Q526709,,IT,,,
116,135.0,B.,person,Q359047,,IT,,,
3751,135.0,Symonds,person,,,ERW,,,
3830,135.0,Titian,person,Q47551,,ERW,,,
3753,135.0,Symonds,person,,,ERW,,,
313,136.0,Bellini,person,Q17169,,IT,,,
117,136.0,B.,person,Q359047,,IT,,,
10,136.0,a Jules Verne,person,Q33977,,IT,,,
1885,136.0,Gebhardt,person,Q475489,,IT,,,
3844,136.0,Tolstoi,person,Q7243,,ERW,,,
3802,137.0,Tiepolo,person,Q435316,,ERW,,,
2813,137.0,Mary,person,,,ERW,,,
1110,137.0,Browning,person,Q233265,,IT,,,
363,137.0,Bernhard,person,Q359047,,IT,,,
3241,137.0,Pietro Longhi,person,Q447058,,ERW,,,
2981,138.0,Miss Bliss,person,,,ERW,,,
3857,138.0,Tura,person,Q7129,,ERW,,,
2216,138.0,Jackowska,person,,,ERW,,,
1365,138.0,Costa,person,Q19997507,,ERW,,,
1366,138.0,Costa,person,Q19997507,,ERW,,,
2118,138.0,Henry Layard,person,Q275013,,IT,,,
3570,138.0,Schiavoni,person,,,ERW,,,
2500,138.0,Loeser,person,Q19665336,,ERW,,,
119,138.0,B.,person,Q359047,,IT,,,
2146,138.0,Horatio Brown,person,Q3786754,,IT,,,
2888,138.0,Mercier,person,,,ERW,,,
118,138.0,B.,person,Q359047,,IT,,,
2842,138.0,Matthew Arnold,person,,,ERW,,,
2890,139.0,Mercier,person,,,ERW,,,
3484,139.0,S. Simone Profeta,person,,,ERW,,,
58,139.0,André Chevrillon,person,Q2847528,,IT,,,
1367,139.0,Costa,person,Q19997507,,ERW,,,
3480,139.0,S. Silvestro,person,,,ERW,,,
3030,139.0,Mlles Jackowska,person,,,ERW,,,
2982,139.0,Miss Bliss,person,,,ERW,,,
3023,139.0,Mlle Mercier,person,,,ERW,,,
2148,139.0,Horatio Brown,person,Q3786754,,IT,,,
120,139.0,B.,person,Q359047,,IT,,,
3475,140.0,S. Salvador[e,person,,,ERW,,,
2983,140.0,Miss Bliss,person,,,ERW,,,
2153,140.0,Horatio Brown,person,Q3786754,,IT,,,
3804,140.0,Tiepolo,person,Q435316,,ERW,,,
2011,140.0,Giovanelli,person,Q17638047,,IT,,,
3614,140.0,Signor Barozzi,person,,,ERW,,,
1369,140.0,Costa,person,Q19997507,,ERW,,,
3482,141.0,S. Simeone,person,,,ERW,,,
1237,141.0,Catena,person,Q1968947,,IT,,,
320,141.0,Benedetto Diana,person,Q3638104,,IT,,,
121,141.0,B.,person,Q359047,,IT,,,
124,141.0,B.,person,Q359047,,IT,,,
125,141.0,B.,person,Q359047,,IT,,,
123,141.0,B.,person,Q359047,,IT,,,
3017,141.0,Mlle Jackowska,person,,,ERW,,,
3016,141.0,Mlle Jackowska,person,,,ERW,,,
3579,141.0,Sebastiano del Piombo,person,,,ERW,,,
1370,142.0,Costa,person,Q19997507,,ERW,,,
281,142.0,Barbey,person,Q314963,,IT,,,
321,142.0,Benedetto Diana,person,Q3638104,,IT,,,
1243,142.0,Catena,person,Q1968947,,IT,,,
1239,142.0,Catena,person,Q1968947,,IT,,,
3483,142.0,S. Simeone,person,,,ERW,,,
126,142.0,B.,person,Q359047,,IT,,,
1242,142.0,Catena,person,Q1968947,,IT,,,
2005,143.0,Giotto,person,Q7814,,IT,,,
2008,144.0,Giotto,person,Q7814,,IT,,,
2006,144.0,Giotto,person,Q7814,,IT,,,
2007,144.0,Giotto,person,Q7814,,IT,,,
2767,144.0,Mantegna,person,,,ERW,,,
314,144.0,Bellini,person,Q17169,,IT,,,
1303,144.0,Cima,person,Q8453,,IT,,,
1636,146.0,Duomo,person,Q2407092,,IT,,,
3790,146.0,the Scuola d〈e〉i Carmini,person,,,ERW,,,
1033,146.0,Bishop,person,Q29182,,IT,,,
3525,146.0,Sanmichele,person,,,ERW,,,
261,148.0,Baedeker,person,Q77302,,IT,,,
1128,149.0,Buonconsiglio,person,Q5563793,,IT,,,
1127,149.0,Buonconsiglio,person,Q5563793,,IT,,,
262,149.0,Baedeker,person,Q77302,,IT,,,
1305,149.0,Cima,person,Q8453,,IT,,,
1304,149.0,Cima,person,Q8453,,IT,,,
3164,150.0,Paolo,person,,,ERW,,,
2770,151.0,Mantegna,person,,,ERW,,,
2771,152.0,Mantegna,person,,,ERW,,,
1229,152.0,Castelfranco,person,Q29352,,IT,,,
298,153.0,Bassanis,person,Q346507,,IT,,,
2223,153.0,Jacopo Bassano,person,Q346502,,ERW,,,
2224,153.0,Jacopo Bassano,person,Q346502,,ERW,,,
1111,153.0,Browning,person,Q233265,,IT,,,
297,153.0,Bassanis,person,Q346506,,IT,,,
1555,153.0,custode,person,Q674426,,IT,,,
1554,153.0,custode,person,Q674426,,IT,,,
1112,153.0,Browning,person,Q233265,,IT,,,
2220,154.0,Jacopo,person,Q346502,,ERW,,,
2725,154.0,Madonna,person,,,ERW,,,
290,154.0,Bassani,person,Q346503,,IT,,,
299,154.0,Bassano,person,Q47094,,IT,,,
289,154.0,Bassani,person,Q346502,,IT,,,
1991,154.0,Giorgione,person,Q8459,,IT,,,
300,154.0,Bassano,person,Q47094,,IT,,,
2221,154.0,Jacopo,person,Q346502,,ERW,,,
1230,154.0,Castelfranco,person,Q29352,,IT,,,
1231,155.0,Castelfranco,person,Q29352,,IT,,,
1992,155.0,Giorgione,person,Q8459,,IT,,,
1993,156.0,Giorgione,person,Q8459,,IT,,,
1994,156.0,Giorgione,person,Q8459,,IT,,,
1995,156.0,Giorgione,person,Q8459,,IT,,,
2726,157.0,Madonna,person,,,ERW,,,
2727,157.0,Madonna,person,,,ERW,,,
3553,157.0,Savoldo,person,,,ERW,,,
1996,158.0,Giorgione,person,Q8459,,IT,,,
3556,158.0,Savoldo,person,,,ERW,,,
86,159.0,Attila,person,Q36724,,IT,,,
2012,160.0,Giovanni,person,Q3107147,,IT,,,
2018,160.0,Girolamo da Udine,person,Q5564795,,IT,,,
364,160.0,Bernhard,person,Q359047,,IT,,,
87,160.0,Attila,person,Q36724,,IT,,,
1741,160.0,Flaubert,person,Q43444,,IT,,,
2877,161.0,Maximilianplatz 4,person,,,ERW,,,
2279,161.0,Janet,person,,,ERW,,,
1371,161.0,Costa,person,Q19997507,,ERW,,,
2296,161.0,Janet Morison,person,,,ERW,,,
1310,161.0,Circe,person,Q187602,,IT,,,
3784,162.0,the Franz Hals,person,,,ERW,,,
2282,162.0,Janet,person,,,ERW,,,
337,162.0,Berenson,person,Q359047,,IT,,,
1372,162.0,Costa,person,Q19997507,,ERW,,,
127,162.0,B.,person,Q359047,,IT,,,
2878,162.0,Maximilianplatz 4,person,,,ERW,,,
2280,162.0,Janet,person,,,ERW,,,
2281,162.0,Janet,person,,,ERW,,,
1997,163.0,Giorgione,person,Q8459,,IT,,,
3159,163.0,Palma,person,Q651795,,ERW,,,
3113,163.0,Mrs. Pennell,person,,,ERW,,,
3105,163.0,Mr. Pennell,person,Q1389068,,ERW,,,
2715,163.0,Macbeth,person,,,ERW,,,
2286,163.0,Janet,person,,,ERW,,,
1557,163.0,Czërnin,person,Q1637312,,IT,,,
2288,164.0,Janet,person,,,ERW,,,
2287,164.0,Janet,person,,,ERW,,,
3571,164.0,schön,person,,,ERW,,,
2132,164.0,Herr Hofrath von Enghert,person,,No wikidata,IT,,,
2013,164.0,Giovanni Costa,person,Q3107147,,IT,,,
1326,165.0,Cooke,person,Q4767436,,IT,,,
2041,165.0,Goncourt,person,Q622283,,IT,,,
1543,165.0,Crowe,person,Q725266,,IT,,,
2289,165.0,Janet,person,,,ERW,,,
2228,165.0,Jägar,person,,,ERW,,,
2188,165.0,Ibsen,person,Q36661,,IT,,,
3960,165.0,Wickhoff,person,Q85597,,ERW,,,
252,166.0,Baccio Bandinellis,person,Q358348,,IT,,,
2960,166.0,Michelangelos,person,Q5592,,ERW,,,
2959,166.0,Michelangelos,person,Q5592,,ERW,,,
2879,166.0,Maximilianplatz 4,person,,,ERW,,,
2716,166.0,Machiavelli,person,,,ERW,,,
63,166.0,Andrea del Sarto,person,Q5571,,IT,,,
2290,166.0,Janet,person,,,ERW,,,
2476,166.0,Les Soeurs Hédouin,person,,,ERW,,,
62,166.0,Andrea del Sarto,person,Q5571,,IT,,,
16,166.0,Acton,person,Q311778,,IT,,,
14,166.0,A.L. Burd,person,Q16824961,,IT,,,
254,166.0,Baccio Bandinellis,person,Q358348,,IT,,,
2002,167.0,Giorgione,person,Q8459,,IT,,,
3062,167.0,Morelli,person,Q923703,,ERW,,,
1328,167.0,Cooke,person,Q4767436,,IT,,,
1344,167.0,Correggio,person,Q8457,,IT,,,
3065,167.0,Morelli,person,Q923703,,ERW,,,
3834,167.0,Titian,person,Q47551,,ERW,,,
1327,167.0,Cooke,person,Q4767436,,IT,,,
3064,167.0,Morelli,person,Q923703,,ERW,,,
1999,167.0,Giorgione,person,Q8459,,IT,,,
3061,167.0,Morelli,person,Q923703,,ERW,,,
2189,167.0,Ibsen,person,Q36661,,IT,,,
365,167.0,Bernhard,person,Q359047,,IT,,,
2294,167.0,Janet,person,,,ERW,,,
2293,167.0,Janet,person,,,ERW,,,
1313,167.0,Clarke,person,,Friend of Berensons,IT,,,
2291,167.0,Janet,person,,,ERW,,,
1312,167.0,Clarke,person,,Friend of Berensons,IT,,,
128,168.0,B.,person,Q359047,,IT,,,
130,168.0,B.,person,Q359047,,IT,,,
2190,168.0,Ibsen,person,Q36661,,IT,,,
1373,168.0,Costa,person,Q19997507,,ERW,,,
1144,168.0,Burgtheater,person,Q308720,,IT,,,
1645,168.0,Dürers,person,Q5580,,IT,,,
131,169.0,B.,person,Q359047,,IT,,,
2222,169.0,Jacopo,person,Q346502,,ERW,,,
2130,169.0,Herr Frümel,person,,No wikidata,IT,,,
1793,169.0,Francesco Bassano,person,Q705079,,IT,,,
2295,169.0,Janet,person,,,ERW,,,
2131,169.0,Herr Frümel,person,,No wikidata,IT,,,
2143,170.0,Holbeins,person,Q48319,,IT,,,
1646,170.0,Dürers,person,Q5580,,IT,,,
1712,171.0,Fairbairn,person,Q4757900,,IT,,,
3375,171.0,Robert Browning,person,Q233265,,ERW,,,
2116,171.0,Henry Jones,person,Q979372,,IT,,,
3378,172.0,Robert Browning,person,Q233265,,ERW,,,
1713,172.0,Fairbairn,person,Q4757900,,IT,,,
3377,172.0,Robert Browning,person,Q233265,,ERW,,,
2117,172.0,Henry Jones,person,Q979372,,IT,,,
3379,172.0,Robert Browning,person,Q233265,,ERW,,,
2371,172.0,Kant,person,Q9312,,ERW,,,
2370,172.0,Kant,person,Q9312,,ERW,,,
3959,174.0,Wick〈h〉off,person,Q85595,,ERW,,,
2473,174.0,les Americains,person,,,ERW,,,
3958,174.0,Watteau,person,,,ERW,,,
2297,174.0,Janet Morison,person,,,ERW,,,
2701,174.0,Löwy,person,,,ERW,,,
3344,176.0,Ray Strachey,person,Q7298165,,ERW,,,
3288,176.0,Ray,person,Q7298165,,ERW,,,
1678,176.0,Emma,person,,Mary's maid,IT,,,
2414,176.0,Karin Stephen,person,Q6370935,,ERW,,,
132,176.0,B.,person,Q359047,,IT,,,
3529,176.0,Santa Croce,person,,,ERW,,,
1974,176.0,Gertrude Burton,person,,"Gertrude Hitz-Burton, no wikidata",IT,,,
1896,176.0,Gertrude,person,,"Gertrude Hitz-Burton, no wikidata",IT,,,
2814,176.0,Mary,person,,,ERW,,,
2372,176.0,Karin,person,Q6370935,Karin Stephen,ERW,,,
